{
  "config": {
    "augmentation": "on",
    "class_weights": "on",
    "color_mode": "rgb",
    "finetune_mode": "frozen"
  },
  "config_name": "aug-on_class-on_rgb_frozen",
  "metrics": {
    "accuracy": 0.8862642169728784,
    "precision": 0.8809723119096372,
    "recall": 0.8801501387509996,
    "f1_score": 0.8800834956212531,
    "per_class_f1": {
      "glioma": 0.8576998050682261,
      "meningioma": 0.7695238095238095,
      "pituitary": 0.9331103678929766,
      "notumor": 0.96
    }
  },
  "training_history": {
    "train_accuracy": [
      0.7304137349128723,
      0.8190433979034424
    ],
    "val_accuracy": [
      0.8482142686843872,
      0.8821428418159485
    ],
    "train_loss": [
      0.7704000473022461,
      0.4775484800338745
    ],
    "val_loss": [
      0.41032472252845764,
      0.3377458453178406
    ]
  }
}