{
  "accuracy": 0.8591426071741033,
  "macro_precision": 0.8533770602610395,
  "macro_recall": 0.8537194299682931,
  "macro_f1": 0.8532459151347183,
  "per_class": {
    "glioma": {
      "precision": 0.7970479704797048,
      "recall": 0.8181818181818182,
      "f1": 0.8074766355140187,
      "support": 264
    },
    "meningioma": {
      "precision": 0.776,
      "recall": 0.7238805970149254,
      "f1": 0.749034749034749,
      "support": 268
    },
    "pituitary": {
      "precision": 0.9322033898305084,
      "recall": 0.9417808219178082,
      "f1": 0.9369676320272572,
      "support": 292
    },
    "notumor": {
      "precision": 0.908256880733945,
      "recall": 0.9310344827586207,
      "f1": 0.9195046439628483,
      "support": 319
    }
  }
}