{
  "macro_f1": 0.937326659631701,
  "per_class_f1": {
    "glioma": 0.9125475285171103,
    "meningioma": 0.9016100178890877,
    "pituitary": 0.9689655172413794,
    "notumor": 0.966183574879227
  },
  "classification_report": {
    "glioma": {
      "precision": 0.916030534351145,
      "recall": 0.9090909090909091,
      "f1-score": 0.9125475285171103,
      "support": 264.0
    },
    "meningioma": {
      "precision": 0.865979381443299,
      "recall": 0.9402985074626866,
      "f1-score": 0.9016100178890877,
      "support": 268.0
    },
    "pituitary": {
      "precision": 0.9756944444444444,
      "recall": 0.9623287671232876,
      "f1-score": 0.9689655172413794,
      "support": 292.0
    },
    "notumor": {
      "precision": 0.9933774834437086,
      "recall": 0.9404388714733543,
      "f1-score": 0.966183574879227,
      "support": 319.0
    },
    "accuracy": 0.9387576552930884,
    "macro avg": {
      "precision": 0.9377704609206492,
      "recall": 0.9380392637875594,
      "f1-score": 0.937326659631701,
      "support": 1143.0
    },
    "weighted avg": {
      "precision": 0.9411239985055356,
      "recall": 0.9387576552930884,
      "f1-score": 0.9393652876148283,
      "support": 1143.0
    }
  }
}