{
  "accuracy": 0.8643919510061242,
  "precision": 0.8633839413991473,
  "recall": 0.8596757404415207,
  "f1_score": 0.8606993234094321,
  "per_class": {
    "glioma": {
      "precision": 0.8991596638655462,
      "recall": 0.8106060606060606,
      "f1": 0.852589641434263,
      "support": 264
    },
    "meningioma": {
      "precision": 0.7298245614035088,
      "recall": 0.7761194029850746,
      "f1": 0.7522603978300181,
      "support": 268
    },
    "pituitary": {
      "precision": 0.8844884488448845,
      "recall": 0.9178082191780822,
      "f1": 0.9008403361344538,
      "support": 292
    },
    "notumor": {
      "precision": 0.9400630914826499,
      "recall": 0.9341692789968652,
      "f1": 0.9371069182389937,
      "support": 319
    }
  }
}