{
  "accuracy": 0.8853893263342082,
  "precision": 0.8889858382206506,
  "recall": 0.8793255001883271,
  "f1_score": 0.8801305727384923,
  "train_accuracy": [
    0.7264524698257446
  ],
  "val_accuracy": [
    0.8839285969734192
  ],
  "train_loss": [
    0.7372049689292908
  ],
  "val_loss": [
    0.33876076340675354
  ],
  "confusion_matrix": [
    [
      196,
      61,
      7,
      0
    ],
    [
      10,
      228,
      19,
      11
    ],
    [
      2,
      11,
      279,
      0
    ],
    [
      0,
      6,
      4,
      309
    ]
  ],
  "per_class_f1": {
    "glioma": 0.8305084745762712,
    "meningioma": 0.794425087108014,
    "pituitary": 0.9284525790349417,
    "notumor": 0.9671361502347418
  },
  "config": {
    "augmentation": "off",
    "class_weights": "on",
    "color_mode": "rgb",
    "finetune_mode": "partial"
  }
}