{
  "accuracy": 0.9501312335958005,
  "precision": 0.9479647031018136,
  "recall": 0.9479994670120007,
  "f1_score": 0.9476848572464945,
  "train_accuracy": [
    0.7475792169570923,
    0.8327088356018066,
    0.8523253202438354,
    0.8644478917121887,
    0.8759092092514038,
    0.8862684369087219,
    0.8891338109970093,
    0.8994930386543274,
    0.9030196070671082,
    0.9094114899635315,
    0.9109543561935425,
    0.9127176403999329,
    0.9111747741699219,
    0.9076482057571411,
    0.9171258807182312,
    0.9184483289718628,
    0.9206523895263672,
    0.919550359249115,
    0.9250606298446655,
    0.9208728075027466,
    0.9206523895263672,
    0.9594445824623108
  ],
  "val_accuracy": [
    0.8642857074737549,
    0.8455356955528259,
    0.8883888125419617,
    0.8775877356529236,
    0.8856885433197021,
    0.9126912951469421,
    0.9072907567024231,
    0.917191743850708,
    0.9081908464431763,
    0.9243924617767334,
    0.9144914746284485,
    0.9207921028137207,
    0.9135913848876953,
    0.9243924617767334,
    0.9261926412582397,
    0.922592282295227,
    0.9360936284065247,
    0.932493269443512,
    0.9321428537368774,
    0.9258928298950195,
    0.9342934489250183,
    0.9509981870651245
  ],
  "train_loss": [
    0.7035185098648071,
    0.4522412121295929,
    0.39699792861938477,
    0.3616480231285095,
    0.3457890748977661,
    0.31752774119377136,
    0.2988002896308899,
    0.2671820819377899,
    0.2693262994289398,
    0.25200212001800537,
    0.25123676657676697,
    0.24910132586956024,
    0.23548027873039246,
    0.24626892805099487,
    0.21953243017196655,
    0.22399231791496277,
    0.2129669487476349,
    0.21431756019592285,
    0.2074587643146515,
    0.21580207347869873,
    0.26052239537239075,
    0.11794600635766983
  ],
  "val_loss": [
    0.33694005012512207,
    0.4394697844982147,
    0.30029845237731934,
    0.3503389358520508,
    0.2847486734390259,
    0.23013021051883698,
    0.24635887145996094,
    0.22419360280036926,
    0.23882809281349182,
    0.216377854347229,
    0.21485844254493713,
    0.22160179913043976,
    0.2185933142900467,
    0.19727620482444763,
    0.1884259134531021,
    0.18404124677181244,
    0.18134278059005737,
    0.18078996241092682,
    0.1859809011220932,
    0.1952403336763382,
    0.2992576062679291,
    0.1950102150440216
  ],
  "confusion_matrix": [
    [
      251,
      12,
      1,
      0
    ],
    [
      26,
      236,
      3,
      3
    ],
    [
      1,
      4,
      286,
      1
    ],
    [
      0,
      3,
      3,
      313
    ]
  ],
  "per_class_f1": {
    "glioma": 0.9261992619926199,
    "meningioma": 0.9024856596558317,
    "pituitary": 0.9777777777777777,
    "notumor": 0.9842767295597484
  }
}