{
  "accuracy": 0.8678915135608049,
  "precision": 0.8739151978501418,
  "recall": 0.8641680764490342,
  "f1_score": 0.8663262729548444,
  "train_accuracy": [
    0.7282130122184753
  ],
  "val_accuracy": [
    0.8669642806053162
  ],
  "train_loss": [
    0.7164018154144287
  ],
  "val_loss": [
    0.38168492913246155
  ],
  "confusion_matrix": [
    [
      213,
      49,
      1,
      1
    ],
    [
      19,
      225,
      11,
      13
    ],
    [
      3,
      35,
      254,
      0
    ],
    [
      0,
      14,
      5,
      300
    ]
  ],
  "per_class_f1": {
    "glioma": 0.8537074148296593,
    "meningioma": 0.7614213197969543,
    "pituitary": 0.9023090586145648,
    "notumor": 0.9478672985781991
  },
  "config": {
    "augmentation": "on",
    "class_weights": "off",
    "color_mode": "rgb",
    "finetune_mode": "partial"
  }
}