{
  "accuracy": 0.9002624671916011,
  "precision": 0.898206765508908,
  "recall": 0.8948596314494004,
  "f1_score": 0.8954887417069254,
  "train_accuracy": [
    0.7363556623458862,
    0.8232312202453613
  ],
  "val_accuracy": [
    0.8169642686843872,
    0.8973214030265808
  ],
  "train_loss": [
    0.7216746807098389,
    0.47975581884384155
  ],
  "val_loss": [
    0.46107253432273865,
    0.3035702705383301
  ],
  "confusion_matrix": [
    [
      221,
      35,
      4,
      4
    ],
    [
      15,
      214,
      25,
      14
    ],
    [
      1,
      9,
      282,
      0
    ],
    [
      0,
      4,
      3,
      312
    ]
  ],
  "per_class_f1": {
    "glioma": 0.8822355289421158,
    "meningioma": 0.8075471698113208,
    "pituitary": 0.9306930693069307,
    "notumor": 0.9614791987673343
  },
  "config": {
    "augmentation": "on",
    "class_weights": "on",
    "color_mode": "grayscale",
    "finetune_mode": "partial"
  }
}